qid,doc_id,query,relevance,bm25_score,tfidf_cosine,query_term_coverage,title_match_score,body_match_score,doc_length,doc_pagerank,doc_freshness_days,avg_click_rate,query_length,query_idf_sum,is_navigational
q0000,d0000_0000,machine learning tutorial,3,12.195859245384653,0.7395640986275364,1.0,0.9209393519141045,0.9966397684991423,244,0.3352181533989041,217,0.40660306975612165,3,20.479120971119265,0
q0000,d0000_0001,machine learning tutorial,3,16.562830148467047,1.0,0.8561676098756501,1.0,0.9900148178027495,444,0.4117881861061602,367,0.3845470517931198,3,20.479120971119265,0
q0000,d0000_0002,machine learning tutorial,3,22.129236742213394,1.0,1.0,1.0,1.0,378,0.6542453137080626,47,0.4615979422575496,3,20.479120971119265,0
q0000,d0000_0003,machine learning tutorial,0,0.0,0.0,0.09758891817370516,0.18581354280086057,0.108630853661039,300,0.6771689939325862,224,0.021868859672901295,3,20.479120971119265,0
q0000,d0000_0004,machine learning tutorial,2,16.04898758562091,0.680182480564445,0.7100345764701642,0.8244887231263017,0.37523550269553335,404,0.34201985080041397,79,0.23915244154399828,3,20.479120971119265,0
q0000,d0000_0005,machine learning tutorial,1,10.53978008503259,0.0,0.2831005788354671,0.3740215996095847,0.45057779960518896,713,0.3962620994803955,8,0.08709815406687661,3,20.479120971119265,0
q0000,d0000_0006,machine learning tutorial,1,1.5639213733149786,0.10667589053263718,0.19541549043309162,0.4576235193467743,0.36181848054744636,707,1.1654714429221882,150,0.195892372730067,3,20.479120971119265,0
q0000,d0000_0007,machine learning tutorial,2,10.685629569066727,0.5940558973536523,0.6094059825669172,0.3677067552694067,0.764061162823783,359,0.6674796672956687,37,0.31131978426966106,3,20.479120971119265,0
q0000,d0000_0008,machine learning tutorial,1,4.973473418490051,0.3173896911520535,0.08023316823962884,0.0,0.06879341086245283,200,0.6044249686801718,616,0.09551707792939436,3,20.479120971119265,0
q0000,d0000_0009,machine learning tutorial,3,22.950062273868348,0.8132764639980246,0.9691843663198555,0.7624944862723547,0.9321933848198876,752,0.3939494975052415,62,0.4237735602332278,3,20.479120971119265,0
q0000,d0000_0010,machine learning tutorial,1,6.955184697522144,0.22743479152057283,0.3682347650365389,0.338796369714194,0.6536891115975164,428,0.1618817984468932,79,0.15533300173050985,3,20.479120971119265,0
q0000,d0000_0011,machine learning tutorial,1,8.094150903264703,0.6259939115772457,0.15501887518490567,0.17339545014589638,0.14801814505222832,383,0.9382004316490135,328,0.11111106362345599,3,20.479120971119265,0
q0000,d0000_0012,machine learning tutorial,2,14.587388723134113,0.8342919802455429,0.9661763004204347,1.0,0.7495485533218659,203,0.5895485938063039,105,0.18537255713563405,3,20.479120971119265,0
q0000,d0000_0013,machine learning tutorial,1,6.1035031210011255,0.5465293794908621,0.35689061845013503,0.29367462407366124,0.12620258276817098,100,1.492323804468308,72,0.1614020100284759,3,20.479120971119265,0
q0000,d0000_0014,machine learning tutorial,1,10.597624710758897,0.2334742136255029,0.15559176837077962,0.09205414277524035,0.18828812042618268,1138,1.0498776908327818,71,0.04304061552463069,3,20.479120971119265,0
q0000,d0000_0015,machine learning tutorial,1,6.040115076034304,0.3251808281062465,0.23511517901892476,0.44485138370385346,0.2423366372651773,132,0.8087267330741958,190,0.12146950072234508,3,20.479120971119265,0
q0000,d0000_0016,machine learning tutorial,0,0.8775300054554254,0.0,0.1659433065089833,0.10718910961540337,0.3071511983991984,554,1.2202332935560465,208,0.16509279322312498,3,20.479120971119265,0
q0000,d0000_0017,machine learning tutorial,0,0.0,0.29228885844844044,0.0,0.0,0.1286653589378089,381,0.5444180882863751,39,0.03375745487989336,3,20.479120971119265,0
q0000,d0000_0018,machine learning tutorial,0,2.5757551731074315,0.0,0.0,0.0,0.0,236,0.8678899498564464,152,0.0,3,20.479120971119265,0
q0000,d0000_0019,machine learning tutorial,0,1.9540567497970553,0.0,0.0,0.25068945632615103,0.10762308740078522,901,0.5226491433223056,279,0.0,3,20.479120971119265,0
q0001,d0001_0000,python web scraping,0,0.9129133205556206,0.5034948075067841,0.28152669169225053,0.0,0.0,100,2.151386080364922,12,0.12058536208882337,3,16.103960846536495,0
q0001,d0001_0001,python web scraping,3,11.41084388104538,0.9674668158910185,0.8406378382210655,0.8676401431584816,0.8246278443664823,471,1.3704418218482912,533,0.6129247112028299,3,16.103960846536495,0
q0001,d0001_0002,python web scraping,1,14.014320779951923,0.9143467671814147,0.15759833900953207,0.2412710941363257,0.40164444352143525,1018,0.34394000408897507,22,0.21106709093950773,3,16.103960846536495,0
q0001,d0001_0003,python web scraping,0,0.0,0.0,0.0,0.0,0.046433977925251196,333,0.8076835308565983,71,0.015542932766846604,3,16.103960846536495,0
q0001,d0001_0004,python web scraping,1,6.667004239032323,0.18902172662476383,0.3808074725843295,0.30901168372996096,0.7519669951194523,972,0.4716673860849906,8,0.02209218613499153,3,16.103960846536495,0
q0001,d0001_0005,python web scraping,2,15.253906946899775,0.31774946927182807,0.8057824389003938,0.7802717512202574,0.44458052978377105,358,0.8908630961408991,345,0.23744954808631116,3,16.103960846536495,0
q0001,d0001_0006,python web scraping,1,7.27691671507654,0.6276317279319648,0.0,0.2741207672059123,0.3686358176078227,588,0.21585842824194307,83,0.1661328817047443,3,16.103960846536495,0
q0001,d0001_0007,python web scraping,1,10.121978721459419,0.26762828870875455,0.3241346814590062,0.07010870565734606,0.26644209886215797,890,0.3031213060412934,191,0.2510745222311027,3,16.103960846536495,0
q0001,d0001_0008,python web scraping,2,15.089305968286528,0.8322643020260785,0.6221810236364603,0.6833031206314678,0.5271819020066113,796,0.7115056026773336,47,0.2476015609161507,3,16.103960846536495,0
q0001,d0001_0009,python web scraping,1,13.949251297253873,0.4794882715610623,0.09752729498534723,0.3165950401087831,0.09893189481437012,344,0.687143398942047,195,0.0634402904754587,3,16.103960846536495,0
q0001,d0001_0010,python web scraping,2,8.467092735808821,0.5324386111873504,0.7134680873993532,0.9554946756933407,0.7884189611115546,100,0.698408440786296,417,0.30805569520393594,3,16.103960846536495,0
q0001,d0001_0011,python web scraping,1,4.302252965902244,0.45151459789200427,0.09609417341524198,0.7023205953467105,0.407004655873465,753,0.7370487240872337,454,0.24018048893223717,3,16.103960846536495,0
q0001,d0001_0012,python web scraping,2,14.414706290460236,0.49399761371879025,0.6445373646306137,0.6285360335535769,0.7433454395373656,799,1.4004899706564342,117,0.414812221432564,3,16.103960846536495,0
q0001,d0001_0013,python web scraping,1,7.475891433991441,0.5022103714303974,0.3350472416674322,0.6655734809425806,0.5046921298466387,752,0.260576153995794,216,0.11281716444672892,3,16.103960846536495,0
q0001,d0001_0014,python web scraping,0,0.0,0.02157608886860661,0.19643260272907903,0.0,0.0,100,0.16700454145875823,14,0.0524187842812771,3,16.103960846536495,0
q0001,d0001_0015,python web scraping,0,0.0,0.010870717078076454,0.0,0.11484644292915294,0.14039072524425403,541,0.010572090624944314,191,0.05300647056014667,3,16.103960846536495,0
q0001,d0001_0016,python web scraping,0,0.787104386627829,0.16410569508348377,0.0,0.13029181393302816,0.0,464,0.08489183572616965,194,0.0,3,16.103960846536495,0
q0001,d0001_0017,python web scraping,1,3.953608906045959,0.48322011327888137,0.2906007233759471,0.38278085381879634,0.5511768326754918,898,0.1423962901203286,164,0.26869192229027306,3,16.103960846536495,0
q0001,d0001_0018,python web scraping,1,4.289065257871725,0.03722603082033005,0.20011325527328547,0.24382916131472604,0.49405033720905367,1016,0.33763502394493033,18,0.02927893941757989,3,16.103960846536495,0
q0001,d0001_0019,python web scraping,1,0.0,0.5189927316470302,0.24258322641202368,0.19985827373994466,0.11938285107539531,303,0.5395203186781331,677,0.16619953356158143,3,16.103960846536495,0
q0002,d0002_0000,neural network backpropagation,1,10.935556332954597,0.26703569891388235,0.5005222000199399,0.4291776116289509,0.30710582729266434,604,0.22964250200210673,12,0.1402714468466112,3,7.902605093300994,1
q0002,d0002_0001,neural network backpropagation,1,3.2840225355972774,0.39994740785698435,0.3294539061402549,0.4118103861977217,0.16665957214345214,100,0.5840105634542494,160,0.08746580483940003,3,7.902605093300994,1
q0002,d0002_0002,neural network backpropagation,2,17.757306812962526,0.47424844339834116,0.7188229345343101,0.5648971075790854,0.6097938990586476,555,0.24308626290347052,625,0.3730518199401025,3,7.902605093300994,1
q0002,d0002_0003,neural network backpropagation,2,23.72402823971666,0.7112826151917216,0.8816488426575926,0.6895467112099687,0.782822085732626,482,0.5574107828371552,828,0.309696802562422,3,7.902605093300994,1
q0002,d0002_0004,neural network backpropagation,3,22.44994364220026,1.0,1.0,1.0,0.9427502532888616,636,0.48671254945499,122,0.21685939157848766,3,7.902605093300994,1
q0002,d0002_0005,neural network backpropagation,1,0.6864233457578459,0.6061057792961152,0.4676110806290862,0.15346327501213572,0.03283264212515391,100,1.134430646833127,86,0.17984135428336395,3,7.902605093300994,1
q0002,d0002_0006,neural network backpropagation,2,13.731243225396286,0.649446536302457,0.7852875849201787,0.7528279732256797,0.800331870288266,293,0.3287210103837016,119,0.40024510029869,3,7.902605093300994,1
q0002,d0002_0007,neural network backpropagation,0,0.0,0.29100911525414225,0.019722872520817825,0.0645572058306738,0.3129436043339809,391,0.4960005228931471,274,0.04523339506431387,3,7.902605093300994,1
q0002,d0002_0008,neural network backpropagation,0,0.0,0.2295625321467127,0.0,0.0,0.0,252,0.3989447065267636,284,0.0,3,7.902605093300994,1
q0002,d0002_0009,neural network backpropagation,1,2.632522498894235,0.47470326151314346,0.4327332288911559,0.4295928177473586,0.444640021883586,588,0.6331134006661878,572,0.10262501149987566,3,7.902605093300994,1
q0002,d0002_0010,neural network backpropagation,2,8.35544618292903,0.48890720402048293,0.6560646094188559,0.7502404487910952,0.676895078377099,270,0.6990859618032618,114,0.250701835924465,3,7.902605093300994,1
q0002,d0002_0011,neural network backpropagation,2,14.08522768327775,0.3770412147836571,0.6564696282690059,0.7321756196852619,0.48672770936911586,556,0.9424774192596234,135,0.39146166517260983,3,7.902605093300994,1
q0002,d0002_0012,neural network backpropagation,2,3.6936454701338324,0.4353971346136001,0.6225998286438471,0.39863341130995184,0.8095459631927984,1099,0.5512627458100702,172,0.2902115034976597,3,7.902605093300994,1
q0002,d0002_0013,neural network backpropagation,2,14.3294778225611,1.0,0.4189027944397765,0.3463993649552086,0.5819453453744989,343,1.579975209659012,808,0.08917046070245382,3,7.902605093300994,1
q0002,d0002_0014,neural network backpropagation,1,11.764455534431622,0.20781582604594936,0.23784104086799795,0.46861623603446617,0.48591862980072065,634,0.9824180757448924,29,0.02990252816589342,3,7.902605093300994,1
q0002,d0002_0015,neural network backpropagation,1,8.451955256838922,0.1720135524718588,0.14093813579425507,0.5117883674539332,0.38166223766868357,315,0.21557725878087208,224,0.1365441007304268,3,7.902605093300994,1
q0002,d0002_0016,neural network backpropagation,1,8.551211840266383,0.2266428639003884,0.27158758500090197,0.6739939932841685,0.12521612283084668,100,0.3101535360090661,609,0.09280640678840014,3,7.902605093300994,1
q0002,d0002_0017,neural network backpropagation,0,0.0,0.0,0.0,0.14489028561911935,0.10490147505721724,100,0.7533415720140613,186,0.0,3,7.902605093300994,1
q0002,d0002_0018,neural network backpropagation,1,1.583538315408326,0.0,0.35799193877992863,0.23571734596763078,0.7028983359245424,447,0.312696782408344,71,0.19205925001361257,3,7.902605093300994,1
q0002,d0002_0019,neural network backpropagation,0,0.7095844585477618,0.2425037673663201,0.0,0.0,0.0,229,0.5810397669325869,232,0.0,3,7.902605093300994,1
q0003,d0003_0000,docker containerisation guide,3,23.13937614643254,1.0,0.8929187763945274,0.6707924472354396,1.0,604,0.8470659809550045,20,0.4420188598724938,3,11.50685461033354,1
q0003,d0003_0001,docker containerisation guide,3,23.267103468803164,1.0,1.0,0.8696692703406788,0.9129185054112076,356,0.6181531958868739,23,0.35411595068506996,3,11.50685461033354,1
q0003,d0003_0002,docker containerisation guide,3,19.016953999948395,1.0,0.662233406407143,0.7933237382707763,0.8435167332077108,100,0.32725026861959927,68,0.37988953454811697,3,11.50685461033354,1
q0003,d0003_0003,docker containerisation guide,1,2.543411785582051,0.32194242509062754,0.4907093765495357,0.0893436293046071,0.1512183565490436,667,0.38653373969384575,39,0.13196865415380366,3,11.50685461033354,1
q0003,d0003_0004,docker containerisation guide,1,6.618328063513596,0.29119533046070195,0.15094969471771372,0.0,0.47048314038826566,394,0.4129579423843743,117,0.2461352190682636,3,11.50685461033354,1
q0003,d0003_0005,docker containerisation guide,1,2.9751208990855957,0.6255691066773992,0.3757213807712278,0.52516264344864,0.1053011495080872,164,0.44556326773220134,28,0.18820721521974598,3,11.50685461033354,1
q0003,d0003_0006,docker containerisation guide,1,7.299143006287103,0.4888868111503184,0.4543845756250039,0.0,0.0,800,1.054041811613929,503,0.0,3,11.50685461033354,1
q0003,d0003_0007,docker containerisation guide,1,13.857044756403925,0.4365928477536235,0.27757582884547904,0.11005067793711765,0.3356235916674642,410,1.1361031939505377,151,0.31185017354054645,3,11.50685461033354,1
q0003,d0003_0008,docker containerisation guide,1,10.086743963855781,0.46125861523291367,0.39971517696394127,0.6457496500942776,0.4604075619055888,722,0.21027832293736837,2,0.0,3,11.50685461033354,1
q0003,d0003_0009,docker containerisation guide,0,0.0,0.3363633238601648,0.25934930113285554,0.339805150073903,0.05104268337117493,905,0.02245787899237009,52,0.0,3,11.50685461033354,1
q0003,d0003_0010,docker containerisation guide,0,0.0,0.0,0.0,0.44939029166116,0.17884266570268192,503,1.3447791570531187,307,0.0,3,11.50685461033354,1
q0003,d0003_0011,docker containerisation guide,1,3.6822736400566125,0.083270225548704,0.4100166055154635,0.43114949831664207,0.0,463,0.6397688907601266,13,0.2359170176218572,3,11.50685461033354,1
q0003,d0003_0012,docker containerisation guide,1,2.331871357234424,0.4022543142834048,0.39022533848810775,0.6551661112345997,0.55332926340175,460,0.8149549427611065,320,0.1550564528143858,3,11.50685461033354,1
q0003,d0003_0013,docker containerisation guide,0,1.0115392598795956,0.0,0.0,0.07786320857585989,0.0,573,0.08132600972115915,288,0.0,3,11.50685461033354,1
q0003,d0003_0014,docker containerisation guide,1,7.939424617364979,0.10091743078647589,0.015835165987753697,0.0,0.33915532264866716,509,0.6621162556491388,436,0.0,3,11.50685461033354,1
q0003,d0003_0015,docker containerisation guide,1,2.15554360709981,0.25737203097535427,0.2203995457490402,0.10974682181395112,0.2680809323287253,928,0.2748350483195294,11,0.3238393547397803,3,11.50685461033354,1
q0003,d0003_0016,docker containerisation guide,1,6.293472068052699,0.35954489854256216,0.3881545042297585,1.0,0.5035904483022912,287,0.41474728440361114,698,0.08435831504321242,3,11.50685461033354,1
q0003,d0003_0017,docker containerisation guide,0,1.1143036580472243,0.0027970443730584924,0.05048746899081521,0.1062414743590373,0.0,699,0.27073859960131436,48,0.0,3,11.50685461033354,1
q0003,d0003_0018,docker containerisation guide,0,3.3241274306718975,0.0,0.0,0.0,0.0,583,0.16836848920015432,337,0.0063002368334699735,3,11.50685461033354,1
q0003,d0003_0019,docker containerisation guide,0,0.0,0.0,0.0,0.0,0.04511196790203614,784,0.6972173569800535,158,0.0,3,11.50685461033354,1
q0004,d0004_0000,sql window functions explained,2,6.51736188289183,0.5000593221074643,0.5830073335423844,0.564569509852985,0.67438289126285,406,0.3311265505747593,77,0.18043487071911235,4,7.755870718556103,0
q0004,d0004_0001,sql window functions explained,1,8.225433487946674,0.3538439700785867,0.3112169598456082,0.7304023601206489,0.20889184427438973,1118,1.1334469032639092,29,0.14032529143281586,4,7.755870718556103,0
q0004,d0004_0002,sql window functions explained,3,21.588133200061964,1.0,0.9066748449618612,1.0,1.0,930,0.6234400297762985,148,0.21192015720259424,4,7.755870718556103,0
q0004,d0004_0003,sql window functions explained,1,7.143570111176235,0.21904348949398583,0.3084096570408735,0.8038770533843457,0.29938937404925764,624,0.5622203462435209,78,0.13393500137694048,4,7.755870718556103,0
q0004,d0004_0004,sql window functions explained,3,26.589575990413316,1.0,1.0,0.7122838727036083,0.9824246515168759,782,0.4665610646925557,501,0.4886393959567953,4,7.755870718556103,0
q0004,d0004_0005,sql window functions explained,2,14.490769961161776,0.5955270035524597,0.7170428552066201,0.0,0.7432438139436766,100,0.8058160356553393,101,0.3144196003933462,4,7.755870718556103,0
q0004,d0004_0006,sql window functions explained,1,12.148830621123194,0.2365273070187981,0.669771380193781,0.33285337003924675,0.4149405687095867,985,0.871520709640137,219,0.12236058816390433,4,7.755870718556103,0
q0004,d0004_0007,sql window functions explained,1,5.643338381303373,0.18489491453384596,0.4719869969114484,0.34198630187964724,0.2767741835038193,468,0.32025732512138394,577,0.03336211046639519,4,7.755870718556103,0
q0004,d0004_0008,sql window functions explained,2,11.68398584451441,0.3832982481472918,0.7332385730741323,0.7825091181748384,0.36052361521532533,568,0.34563559737688565,458,0.3298648150428062,4,7.755870718556103,0
q0004,d0004_0009,sql window functions explained,2,12.122854295451546,0.5701086349217377,0.7972500080796256,1.0,1.0,894,0.6287975930174451,307,0.343348953845091,4,7.755870718556103,0
q0004,d0004_0010,sql window functions explained,2,16.62834586083806,0.6548101374614802,0.5572736262106174,0.563048400207702,0.7934487422134151,500,0.5988658057843903,159,0.2291825203769057,4,7.755870718556103,0
q0004,d0004_0011,sql window functions explained,1,1.7274143190207516,0.6217942915705822,0.2582216217697959,0.0,0.12432459141607283,193,0.12404156897164927,126,0.09965013656927404,4,7.755870718556103,0
q0004,d0004_0012,sql window functions explained,1,7.930858149243811,0.4152990247990719,0.42575353353366907,0.0,0.26044568288044107,100,0.22661548905216106,284,0.23788656081230136,4,7.755870718556103,0
q0004,d0004_0013,sql window functions explained,1,4.665222357079067,0.4303655558424809,0.25414568773468627,0.3329851704724961,0.5305605967254869,332,1.5670534178597209,167,0.03785415162025117,4,7.755870718556103,0
q0004,d0004_0014,sql window functions explained,1,7.074370216157296,0.18086864172780287,0.20445243054699783,0.1989176891075777,0.44185222599172536,213,0.5698329143793712,341,0.11292647488944843,4,7.755870718556103,0
q0004,d0004_0015,sql window functions explained,1,1.1574040445851965,0.6277362466313601,0.3558096954314253,0.4361263128373241,0.3570029160109742,633,0.22446167888279225,51,0.08768621891086109,4,7.755870718556103,0
q0004,d0004_0016,sql window functions explained,0,0.0,0.0,0.06825355805212799,0.36128148923163345,0.0,440,0.2330402577036091,120,0.0,4,7.755870718556103,0
q0004,d0004_0017,sql window functions explained,0,5.2760527909655845,0.5618421722459006,0.0,0.35882503916136,0.04875049608032958,454,0.7217512764348525,145,0.011039572561221853,4,7.755870718556103,0
q0004,d0004_0018,sql window functions explained,0,0.0,0.1306489766562454,0.0,0.0,0.0017011253446307135,738,0.3204584348136372,376,0.1579185502981632,4,7.755870718556103,0
q0004,d0004_0019,sql window functions explained,1,11.63450665392191,0.559353196614236,0.42544820990022686,0.482920095102054,0.43726544800263384,170,0.31041738771568844,261,0.05387338782082783,4,7.755870718556103,0
q0005,d0005_0000,git branching strategies,3,15.39100463489293,0.9519125605859314,1.0,1.0,1.0,391,0.5849267576567521,33,0.4450317278043813,3,13.333319960797603,0
q0005,d0005_0001,git branching strategies,0,0.0,0.0,0.0,0.4428353105669209,0.0,426,2.5316777770065912,241,0.0,3,13.333319960797603,0
q0005,d0005_0002,git branching strategies,3,19.340248898415126,1.0,1.0,1.0,0.9822407104574998,501,1.1030437418191867,452,0.19984542555613213,3,13.333319960797603,0
q0005,d0005_0003,git branching strategies,1,9.427084365722715,0.4279507729388283,0.2756964464012478,0.5880942566437739,0.5393724139638796,555,0.6074195209095283,118,0.2031150172333338,3,13.333319960797603,0
q0005,d0005_0004,git branching strategies,2,19.22514762209163,0.1764922409586493,0.45401404114273114,0.3698990600730741,0.5940145371529055,423,1.0929475776020945,174,0.18058249881430966,3,13.333319960797603,0
q0005,d0005_0005,git branching strategies,3,18.353002329261404,0.9272833419386403,0.8276194004217559,0.5229673966936833,0.9766239627182952,200,0.5777599867778083,434,0.32380255416897424,3,13.333319960797603,0
q0005,d0005_0006,git branching strategies,1,8.336554501634724,0.06923553650192582,0.46153619285366754,0.13328040918287073,0.45990491625479457,496,0.36597802907881255,154,0.1698697075397101,3,13.333319960797603,0
q0005,d0005_0007,git branching strategies,1,12.793782229070878,0.5348354875306451,0.2948352158733704,0.5208637863675695,0.7200920303709707,1088,0.2548439877304632,345,0.2818252120067184,3,13.333319960797603,0
q0005,d0005_0008,git branching strategies,0,0.0,0.08404534189491715,0.0,0.0,0.0,286,0.02358159028417555,90,0.029751107118555494,3,13.333319960797603,0
q0005,d0005_0009,git branching strategies,1,5.922839957922471,0.19062253705926233,0.0,0.0,0.0,100,0.14333624691768115,322,0.12888971656289788,3,13.333319960797603,0
q0005,d0005_0010,git branching strategies,2,16.46356863619397,0.48648726760575156,0.7452593097955672,0.8488452251852531,0.551337208219928,667,0.6259747798721826,150,0.15438982343956714,3,13.333319960797603,0
q0005,d0005_0011,git branching strategies,1,0.0,0.3506344417176257,0.38238481365173055,0.1352018757188547,0.33865040159855303,671,0.27124354822660696,40,0.26103141655313766,3,13.333319960797603,0
q0005,d0005_0012,git branching strategies,1,4.542760648443807,0.5423078958242189,0.34353132724099666,0.2302959887190914,0.0,448,0.24933667290569472,280,0.2850125990472582,3,13.333319960797603,0
q0005,d0005_0013,git branching strategies,1,3.7651005786347644,0.2076363873059754,0.449507538913139,0.3236987678724802,0.6812629417195357,355,0.755204481520115,77,0.21291113430775666,3,13.333319960797603,0
q0005,d0005_0014,git branching strategies,1,6.2046711494709275,0.16612191036417587,0.43264556352059624,0.4958955847279244,0.45204427231444666,961,1.0768075316381411,128,0.17063856517675116,3,13.333319960797603,0
q0005,d0005_0015,git branching strategies,0,0.0,0.32401406182721026,0.054554722551444425,0.0,0.2387237143712754,100,0.21447831624224628,267,0.006046844811736806,3,13.333319960797603,0
q0005,d0005_0016,git branching strategies,1,6.573731823265201,0.7340352154136017,0.4569632763027127,0.37575996961903635,0.2455225513123458,381,0.4963604049138613,106,0.21788164418151873,3,13.333319960797603,0
q0005,d0005_0017,git branching strategies,1,2.0368081377329776,0.1402630943715806,0.34135557735661837,0.0,0.45618742100474613,726,0.7003127953549222,109,0.0,3,13.333319960797603,0
q0005,d0005_0018,git branching strategies,0,3.2182812063393462,0.0,0.06059310311034173,0.14136510479227327,0.36724516794600404,439,0.13907088218609667,234,0.1190413563293744,3,13.333319960797603,0
q0005,d0005_0019,git branching strategies,0,0.0,0.0,0.0343155043393407,0.2418665682312527,0.05858676469945832,100,0.27387616092099715,113,0.0,3,13.333319960797603,0
q0006,d0006_0000,rest api design best practices,2,20.771312563826577,0.7603772223679072,0.7653498682316435,1.0,0.6239057550485685,260,0.4162549570495302,2,0.21399512747204585,5,6.936202986099429,1
q0006,d0006_0001,rest api design best practices,3,21.307373881552092,0.8535429237195848,1.0,0.9727137121096664,0.9494237107364337,668,2.36805300670859,63,0.4721865147777233,5,6.936202986099429,1
q0006,d0006_0002,rest api design best practices,3,18.495151584866143,0.8985789439143516,0.9384490039982336,0.9365093304880547,0.9244386934483456,774,1.5519979755019617,27,0.3620313474857439,5,6.936202986099429,1
q0006,d0006_0003,rest api design best practices,2,18.647857600731076,0.9157936587010412,0.8106052455291777,0.2879779727182818,0.8324908808798772,621,1.4483165282121833,113,0.3031201155699929,5,6.936202986099429,1
q0006,d0006_0004,rest api design best practices,2,14.49825900072285,0.9613889451172857,0.8505717531532686,0.0,0.6031789556991303,450,0.4820617944494673,213,0.3915424439077173,5,6.936202986099429,1
q0006,d0006_0005,rest api design best practices,1,3.003372757480915,0.19895092859739794,0.5549423784588385,0.19769387830537707,0.42577583113545825,100,1.7688737012708353,74,0.11508334906830717,5,6.936202986099429,1
q0006,d0006_0006,rest api design best practices,3,24.73012296701063,0.9352030449007139,0.9693895727427349,0.8770860962586289,0.8838697194508831,708,0.752869508926155,56,0.39912053105144285,5,6.936202986099429,1
q0006,d0006_0007,rest api design best practices,1,15.58559403230486,0.0197472500472336,0.5224739318677809,0.675310196013576,0.16290157214021456,1168,0.5330193321256176,81,0.136135552035921,5,6.936202986099429,1
q0006,d0006_0008,rest api design best practices,2,14.895455718611402,0.9469039216734458,0.6938637993458796,0.438805760882344,0.8315520791436626,776,0.5582990848972961,17,0.23957385365088585,5,6.936202986099429,1
q0006,d0006_0009,rest api design best practices,0,0.0,0.047389722309189954,0.0,0.0,0.0,125,0.43624887902755366,128,0.036059167765684144,5,6.936202986099429,1
q0006,d0006_0010,rest api design best practices,1,6.090556026447961,0.39134141263004035,0.682200302115586,0.7124433584806842,0.2720202090759217,322,0.16464074563050368,27,0.12281091990824622,5,6.936202986099429,1
q0006,d0006_0011,rest api design best practices,1,6.209827099555318,0.7932511519407972,0.34694471789615927,0.7796629318895152,0.4047972178754587,788,0.7598896017232222,99,0.1793039288348321,5,6.936202986099429,1
q0006,d0006_0012,rest api design best practices,1,1.5210933263318775,0.06128166007546787,0.11926287300539715,0.0,0.35523040522275084,837,0.5235384114623163,386,0.11425728729987845,5,6.936202986099429,1
q0006,d0006_0013,rest api design best practices,0,0.0,0.0,0.2558779020816846,0.11249458533663702,0.11266261470328494,534,1.02253879827676,252,0.0,5,6.936202986099429,1
q0006,d0006_0014,rest api design best practices,1,7.980138557992818,0.36908152599059874,0.2408893701045171,0.3276620145019216,0.2088253028002227,178,0.22906585717473577,398,0.16561307974265815,5,6.936202986099429,1
q0006,d0006_0015,rest api design best practices,1,1.9407503949513858,0.22007435021713206,0.23964282210105647,0.664620015552043,0.3993913224566517,436,0.21434973806791605,123,0.1290199743692426,5,6.936202986099429,1
q0006,d0006_0016,rest api design best practices,0,0.271652676677342,0.10962567592843922,0.13434078649715184,0.0,0.0,563,0.36647984809273687,181,0.0,5,6.936202986099429,1
q0006,d0006_0017,rest api design best practices,1,0.0,0.2865082258767508,0.3050757142436758,0.22721765588785886,0.549109141139281,859,0.11822765295527062,618,0.19506149138255918,5,6.936202986099429,1
q0006,d0006_0018,rest api design best practices,0,3.925918997232463,0.0,0.30131330792777083,0.0,0.14984458544017093,100,0.7102849245017767,195,0.02369553887192461,5,6.936202986099429,1
q0006,d0006_0019,rest api design best practices,0,0.0,0.0,0.0,0.13779793217542355,0.07910182127250164,100,0.04280042077303704,735,0.0,5,6.936202986099429,1
q0007,d0007_0000,linux file permissions,0,3.236485243960975,0.0,0.0,0.03498107800977835,0.0,155,0.2614689496493473,51,0.0,3,21.682417840042163,0
q0007,d0007_0001,linux file permissions,1,0.318273463473699,0.33835907557654,0.300342964043383,0.418710504717534,0.3307455797126157,100,0.26239515801157565,1,0.23621142530788428,3,21.682417840042163,0
q0007,d0007_0002,linux file permissions,3,24.758488021150573,0.9693948247587574,1.0,0.8242327297755494,0.9761267601446246,100,0.7839485788961795,73,0.30150050722755584,3,21.682417840042163,0
q0007,d0007_0003,linux file permissions,1,1.0267878543311628,0.29856579331441,0.22389675421298633,0.42782608283200796,0.4238410171292517,596,0.6179734470462354,355,0.2466023153852922,3,21.682417840042163,0
q0007,d0007_0004,linux file permissions,1,5.417244900043187,0.6049575525067854,0.4095451991131931,0.3821490912032765,0.28979639464640194,384,0.5503949817428002,227,0.1290754712288889,3,21.682417840042163,0
q0007,d0007_0005,linux file permissions,1,8.79518416219242,0.9161822630164174,0.06678533743442205,0.4143364643808283,0.1812953156095522,673,0.6338858882135773,89,0.2508839909842113,3,21.682417840042163,0
q0007,d0007_0006,linux file permissions,3,10.62280842484529,1.0,1.0,1.0,0.7560248510316957,250,1.5250968500169035,15,0.428306858800999,3,21.682417840042163,0
q0007,d0007_0007,linux file permissions,3,23.895276286869237,1.0,0.9694327208313178,0.6322211914037774,1.0,100,0.35723007976685217,71,0.4053457912617474,3,21.682417840042163,0
q0007,d0007_0008,linux file permissions,1,5.952045990611105,0.1945056211042002,0.25734292893765287,0.6515540255219991,0.44059272716951203,384,0.2887860002622275,35,0.17218075341848743,3,21.682417840042163,0
q0007,d0007_0009,linux file permissions,2,13.847819703298395,1.0,0.5016463336080208,0.6410011439065084,1.0,857,0.3794322952145588,11,0.2668666023081754,3,21.682417840042163,0
q0007,d0007_0010,linux file permissions,1,6.309385055863728,0.013722858277990524,0.35360185111354564,0.44583850168879136,0.2878494508045565,100,0.18262093457145262,391,0.06073182356323564,3,21.682417840042163,0
q0007,d0007_0011,linux file permissions,0,0.0,0.0,0.18426312184202268,0.0,0.12804273186575174,338,0.015662755247263366,299,0.08730566000927435,3,21.682417840042163,0
q0007,d0007_0012,linux file permissions,0,0.0,0.0,0.0,0.0,0.08204240313591027,360,0.15373643194943282,72,0.020363317870980124,3,21.682417840042163,0
q0007,d0007_0013,linux file permissions,2,13.899011226695508,0.20159239169180926,0.7021905841848708,1.0,0.575979006992948,577,0.2418703189727972,138,0.20857064781351833,3,21.682417840042163,0
q0007,d0007_0014,linux file permissions,1,6.213993027751077,0.13079656305570095,0.35232283987498736,0.18741324413178798,0.2276481071102282,681,0.36331955819281664,33,0.0,3,21.682417840042163,0
q0007,d0007_0015,linux file permissions,1,11.176085713236354,0.35285413183242137,0.19225380100815084,0.20101525665836,0.3479883962504726,511,0.44279762213571516,269,0.11189582236282192,3,21.682417840042163,0
q0007,d0007_0016,linux file permissions,1,10.325162882614052,0.0596664738231098,0.30490000660244154,0.12839485114062232,0.3556034192129556,383,0.47579679751364173,163,0.0021530167556121915,3,21.682417840042163,0
q0007,d0007_0017,linux file permissions,1,4.358681181156532,0.3960971373547577,0.2595712203738131,0.5565472874140721,0.17843132103065423,314,0.8285170539447486,251,0.24325248888811463,3,21.682417840042163,0
q0007,d0007_0018,linux file permissions,0,9.070576815597018,0.0,0.010562869099093333,0.0,0.0,310,0.17898925898529516,220,0.0,3,21.682417840042163,0
q0007,d0007_0019,linux file permissions,0,0.0,0.5619137940192784,0.0,0.018004410479263055,0.0,1011,0.8972755194771678,180,0.0,3,21.682417840042163,0
q0008,d0008_0000,kubernetes pod scheduling,3,20.381756153950946,0.5127248673505356,0.8524876032011455,1.0,1.0,832,0.8915255736935039,35,0.501551521648293,3,15.57315076216582,0
q0008,d0008_0001,kubernetes pod scheduling,0,1.095369593233825,0.0,0.0,0.0,0.0,455,0.6464864494142691,76,0.0,3,15.57315076216582,0
q0008,d0008_0002,kubernetes pod scheduling,1,5.028070953194659,0.3518041409842249,0.045195944449056114,0.45259211513994785,0.33322071390874153,511,0.21578134062798726,160,0.13262164782048175,3,15.57315076216582,0
q0008,d0008_0003,kubernetes pod scheduling,1,9.32408136362639,0.5198611019315573,0.40593067742606237,0.26812621873218756,0.0,730,0.4317879931562577,220,0.04536909059658267,3,15.57315076216582,0
q0008,d0008_0004,kubernetes pod scheduling,1,12.90193165786301,0.15811134848774178,0.29936514565171257,0.5201513461191971,0.3448153476209649,164,0.8857241273146453,117,0.14212962296643353,3,15.57315076216582,0
q0008,d0008_0005,kubernetes pod scheduling,2,19.24644907619757,0.4865282299241313,0.5785685522520998,0.669413045048548,0.8424574722068452,100,0.4000170533954216,73,0.26993618919199375,3,15.57315076216582,0
q0008,d0008_0006,kubernetes pod scheduling,1,9.312179426233499,0.205024789176764,0.368025636744838,0.2584988563954028,0.46775619635262067,642,0.7465440815612847,5,0.23770767310538277,3,15.57315076216582,0
q0008,d0008_0007,kubernetes pod scheduling,1,9.289138911352197,0.11641120884608566,0.5452102938274842,0.5893580432935895,0.3913104285170135,547,0.2899712305031398,103,0.09625551638712716,3,15.57315076216582,0
q0008,d0008_0008,kubernetes pod scheduling,0,0.0,0.0,0.0,0.0,0.0,718,0.4823835268851731,81,0.0,3,15.57315076216582,0
q0008,d0008_0009,kubernetes pod scheduling,0,0.0,0.020289486130009894,0.0,0.06668404199416038,0.0,559,3.1193327316453394,392,0.10245126754266898,3,15.57315076216582,0
q0008,d0008_0010,kubernetes pod scheduling,1,0.0,0.28005062651829793,0.24609424319109255,0.0,0.4239370845957676,365,0.7283286802312471,427,0.2404637872262949,3,15.57315076216582,0
q0008,d0008_0011,kubernetes pod scheduling,1,9.143086740526076,0.10115094205598552,0.3381888484423879,0.37016391595495096,0.23936603163358794,630,1.9799829456068838,324,0.18851921048646253,3,15.57315076216582,0
q0008,d0008_0012,kubernetes pod scheduling,2,1.142803071922316,0.5434568615554416,0.8204688718053299,0.5873449853535565,0.37342947017275824,171,0.8564074302972259,442,0.3795657767628684,3,15.57315076216582,0
q0008,d0008_0013,kubernetes pod scheduling,1,4.334206377455901,0.12988846511300506,0.4632671134621126,0.5164402857740429,0.0,378,0.8017222884407329,54,0.0,3,15.57315076216582,0
q0008,d0008_0014,kubernetes pod scheduling,1,2.0189290411463157,0.19787849653147774,0.21309050721806572,0.014678732829456809,0.35229870527940843,131,0.5477946923020655,148,0.0,3,15.57315076216582,0
q0008,d0008_0015,kubernetes pod scheduling,1,3.1818023785634093,0.7335259536513641,0.34179506840876894,0.3946760855821664,0.0,303,0.3803632766572833,391,0.22413961768513188,3,15.57315076216582,0
q0008,d0008_0016,kubernetes pod scheduling,1,4.3224601067644315,0.3661974652097165,0.23725982255501943,0.265609926565599,0.2861073149777362,279,0.10729140935844848,56,0.1244719388080166,3,15.57315076216582,0
q0008,d0008_0017,kubernetes pod scheduling,0,0.0,0.0,0.0157035044832189,0.4241466707427127,0.0,730,0.1382725604042694,5,0.1575082827608731,3,15.57315076216582,0
q0008,d0008_0018,kubernetes pod scheduling,0,0.0,0.006209440097710848,0.0,0.0,0.0,559,0.38044698589604553,214,0.0,3,15.57315076216582,0
q0008,d0008_0019,kubernetes pod scheduling,1,7.593308443612736,0.5263674318790665,0.34651347889544243,0.4313360676747725,0.3941008184608459,472,0.4301366172920635,109,0.06674556222128969,3,15.57315076216582,0
q0009,d0009_0000,data engineering pipeline,2,12.956555031929998,0.4444804476235225,0.8449842838197477,0.8230855595657052,0.4137582682770838,1033,0.6086177469578896,55,0.2825964450496307,3,15.939755751564364,0
q0009,d0009_0001,data engineering pipeline,2,15.660735090561646,0.7619872601314626,0.6688686876501233,0.46917007819976586,0.6926526374998814,479,0.829874342047592,233,0.3231820045476436,3,15.939755751564364,0
q0009,d0009_0002,data engineering pipeline,3,18.0876677689847,1.0,0.9259797686269187,1.0,0.9206172317524417,534,0.5923204855736904,92,0.4996554884498404,3,15.939755751564364,0
q0009,d0009_0003,data engineering pipeline,2,17.023892224484744,0.7986741650247337,0.9541333981769782,0.47580683733900153,0.39083681639694906,201,1.02113922155796,41,0.2768923326314082,3,15.939755751564364,0
q0009,d0009_0004,data engineering pipeline,1,1.7678475560645044,0.5651232498087133,0.761949096804313,0.42494611997622095,0.4499549604648819,352,1.7627745843102085,91,0.02404380922345839,3,15.939755751564364,0
q0009,d0009_0005,data engineering pipeline,3,21.091450072103093,1.0,0.9536466452205625,0.9567822293891409,1.0,490,0.4347568021694208,42,0.3657847109267953,3,15.939755751564364,0
q0009,d0009_0006,data engineering pipeline,0,0.0,0.011299338398646538,0.0,0.0,0.010750512598100406,100,0.23840424078763703,17,0.03870587293957439,3,15.939755751564364,0
q0009,d0009_0007,data engineering pipeline,1,10.756295568108555,0.488747925131513,0.31904046528124314,0.2163392550022602,0.20746443646643242,640,1.2987327289900084,290,0.14652071464544852,3,15.939755751564364,0
q0009,d0009_0008,data engineering pipeline,1,9.805421531193412,0.5074978874066611,0.2126543387996113,0.0,0.6420319045362439,576,0.17501398658143688,121,0.21052076257031618,3,15.939755751564364,0
q0009,d0009_0009,data engineering pipeline,2,18.9368607745852,0.4572092373899045,0.5469436630034415,0.7195132854287335,0.7447576530774431,648,0.28664419872872215,21,0.3156050605605076,3,15.939755751564364,0
q0009,d0009_0010,data engineering pipeline,1,7.096803386881204,0.3763529604971405,0.4492143044707474,0.4721197538195411,0.34217673391336995,257,0.23323822750788648,230,0.15265149131465316,3,15.939755751564364,0
q0009,d0009_0011,data engineering pipeline,1,8.355822743168105,0.547025746782193,0.34803362044824077,0.9177946131263746,0.25772547498703796,597,1.7656313177647975,74,0.15822672437299912,3,15.939755751564364,0
q0009,d0009_0012,data engineering pipeline,1,11.703126064005609,0.31434027121479896,0.2835080538574825,1.0,0.41218086322173947,284,0.22753783536823702,269,0.22699026891901214,3,15.939755751564364,0
q0009,d0009_0013,data engineering pipeline,0,0.0,0.14629848158818692,0.0,0.0,0.04485946143631886,680,0.43812808736136033,265,0.06774848420913938,3,15.939755751564364,0
q0009,d0009_0014,data engineering pipeline,0,0.0,0.2602316697304062,0.09501323115410237,0.15124834391971834,0.24944228422849007,1343,0.6021958053257678,136,0.0,3,15.939755751564364,0
q0009,d0009_0015,data engineering pipeline,0,0.0,0.0,0.050256355130611975,0.012924580357153659,0.09620573295273106,652,0.009111199023198745,103,0.21211434026336673,3,15.939755751564364,0
q0009,d0009_0016,data engineering pipeline,0,0.0,0.0,0.0026001943726960994,0.0,0.0,1103,0.12271355716440258,116,0.0,3,15.939755751564364,0
q0009,d0009_0017,data engineering pipeline,0,0.6920285586089033,0.0,0.0,0.0035180207183762016,0.0,255,1.3832126226831027,597,0.009080002361004777,3,15.939755751564364,0
q0009,d0009_0018,data engineering pipeline,1,5.489275772557667,0.24210209411026173,0.39898168436347925,0.4860445624360469,0.2464932466815562,737,0.9745381504623143,43,0.31116542400531555,3,15.939755751564364,0
q0009,d0009_0019,data engineering pipeline,0,0.045110786474640556,0.0,0.0,0.0,0.01853588920580076,269,0.20162792926667514,374,0.0,3,15.939755751564364,0
