qid,doc_id,query,relevance,bm25_score,tfidf_cosine,query_term_coverage,title_match_score,body_match_score,doc_length,doc_pagerank,doc_freshness_days,avg_click_rate,query_length,query_idf_sum,is_navigational,doc_freshness_score
q0000,d0000_0000,machine learning tutorial,3,-2.7851790500282307,0.669685165760018,0.0,0.6305262767964357,0.48677602362776257,244,0.3352181533989041,217,0.4066030697561216,3,20.479120971119265,0,0.627147766323024
q0000,d0000_0001,machine learning tutorial,3,-2.7851790500282307,0.669685165760018,0.0,0.7152444796266347,0.6421826394640401,444,0.4117881861061602,367,0.3845470517931198,3,20.479120971119265,0,0.4986338797814207
q0000,d0000_0002,machine learning tutorial,3,-2.7851790500282307,0.669685165760018,0.0,0.753380104882689,0.48248745079208377,378,0.6542453137080626,47,0.4615979422575496,3,20.479120971119265,0,0.8859223300970873
q0000,d0000_0003,machine learning tutorial,0,-2.7851790500282307,0.669685165760018,0.0,0.6491573730252498,0.6435973072428978,300,0.6771689939325862,224,0.0218688596729012,3,20.479120971119265,0,0.6196943972835314
q0000,d0000_0004,machine learning tutorial,2,-2.7851790500282307,0.669685165760018,0.0,0.7408364583698054,0.6269992136553605,404,0.3420198508004139,79,0.2391524415439982,3,20.479120971119265,0,0.8220720720720721
q0000,d0000_0005,machine learning tutorial,1,-2.7851790500282307,0.669685165760018,0.0,0.7192408488766084,0.41160543318214227,713,0.3962620994803955,8,0.0870981540668766,3,20.479120971119265,0,0.9785522788203754
q0000,d0000_0006,machine learning tutorial,1,-2.7851790500282307,0.669685165760018,0.0,0.5592536147939322,0.6220692919505465,707,1.1654714429221882,150,0.195892372730067,3,20.479120971119265,0,0.7087378640776699
q0000,d0000_0007,machine learning tutorial,2,-2.7851790500282307,0.669685165760018,0.0,0.7806238704073504,0.5484656243017353,359,0.6674796672956687,37,0.311319784269661,3,20.479120971119265,0,0.9079601990049752
q0000,d0000_0008,machine learning tutorial,1,-2.7851790500282307,0.669685165760018,0.0,0.5645198848438082,0.43354739415575294,200,0.6044249686801718,616,0.0955170779293943,3,20.479120971119265,0,0.3720693170234454
q0000,d0000_0009,machine learning tutorial,3,-2.7851790500282307,0.669685165760018,0.0,0.7844833516948773,0.6570317809250413,752,0.3939494975052415,62,0.4237735602332278,3,20.479120971119265,0,0.8548009367681499
q0000,d0000_0010,machine learning tutorial,1,-2.7851790500282307,0.669685165760018,0.0,0.6969630591883683,0.4346191860826087,428,0.1618817984468932,79,0.1553330017305098,3,20.479120971119265,0,0.8220720720720721
q0000,d0000_0011,machine learning tutorial,1,-2.7851790500282307,0.669685165760018,0.0,0.7211569484943107,0.4412324165732515,383,0.9382004316490136,328,0.1111110636234559,3,20.479120971119265,0,0.5266955266955268
q0000,d0000_0012,machine learning tutorial,2,-2.7851790500282307,0.669685165760018,0.0,0.5662475315409733,0.5064785582940723,203,0.5895485938063039,105,0.185372557135634,3,20.479120971119265,0,0.776595744680851
q0000,d0000_0013,machine learning tutorial,1,-2.7851790500282307,0.669685165760018,0.0,0.6790101516390682,0.4736313136151416,100,1.492323804468308,72,0.1614020100284759,3,20.479120971119265,0,0.8352402745995423
q0000,d0000_0014,machine learning tutorial,1,-2.7851790500282307,0.669685165760018,0.0,0.6655131634843554,0.6583505368292716,1138,1.0498776908327818,71,0.0430406155246306,3,20.479120971119265,0,0.8371559633027523
q0000,d0000_0015,machine learning tutorial,1,-2.7851790500282307,0.669685165760018,0.0,0.8018443840614763,0.4505347922379814,132,0.8087267330741958,190,0.121469500722345,3,20.479120971119265,0,0.6576576576576577
q0000,d0000_0016,machine learning tutorial,0,-2.7851790500282307,0.669685165760018,0.0,0.6487807446712709,0.504295185365705,554,1.2202332935560465,208,0.1650927932231249,3,20.479120971119265,0,0.6369982547993019
q0000,d0000_0017,machine learning tutorial,0,-2.7851790500282307,0.669685165760018,0.0,0.7678254203478256,0.4236740820018335,381,0.5444180882863751,39,0.0337574548798933,3,20.479120971119265,0,0.9034653465346536
q0000,d0000_0018,machine learning tutorial,0,-2.7851790500282307,0.669685165760018,0.0,0.6078451824054516,0.6064578787728616,236,0.8678899498564464,152,0.0,3,20.479120971119265,0,0.7059961315280464
q0000,d0000_0019,machine learning tutorial,0,-2.7851790500282307,0.669685165760018,0.0,0.7313908609597239,0.6221517914115559,901,0.5226491433223056,279,0.0,3,20.479120971119265,0,0.5667701863354038
q0001,d0001_0000,python web scraping,0,-2.7851790500282307,0.669685165760018,0.0,0.6840315718585471,0.522156242387551,100,2.151386080364922,12,0.1205853620888233,3,16.103960846536495,0,0.9681697612732094
q0001,d0001_0001,python web scraping,3,-2.7851790500282307,0.669685165760018,0.0,0.7885846194416748,0.5627607495892818,471,1.3704418218482912,533,0.6129247112028299,3,16.103960846536495,0,0.4064587973273942
q0001,d0001_0002,python web scraping,1,-2.7851790500282307,0.669685165760018,0.0,0.7067795008758485,0.4494512577831814,1018,0.343940004088975,22,0.2110670909395077,3,16.103960846536495,0,0.9431524547803618
q0001,d0001_0003,python web scraping,0,-2.7851790500282307,0.669685165760018,0.0,0.5625004708373734,0.5586601111506134,333,0.8076835308565983,71,0.0155429327668466,3,16.103960846536495,0,0.8371559633027523
q0001,d0001_0004,python web scraping,1,-2.7851790500282307,0.669685165760018,0.0,0.7017129056067497,0.5681079007579849,972,0.4716673860849906,8,0.0220921861349915,3,16.103960846536495,0,0.9785522788203754
q0001,d0001_0005,python web scraping,2,-2.7851790500282307,0.669685165760018,0.0,0.5583190924839616,0.42402907153639985,358,0.8908630961408991,345,0.2374495480863111,3,16.103960846536495,0,0.5140845070422535
q0001,d0001_0006,python web scraping,1,-2.7851790500282307,0.669685165760018,0.0,0.6230423611726393,0.6571245215727096,588,0.215858428241943,83,0.1661328817047443,3,16.103960846536495,0,0.8147321428571428
q0001,d0001_0007,python web scraping,1,-2.7851790500282307,0.669685165760018,0.0,0.7221501850804134,0.5376085185473131,890,0.3031213060412934,191,0.2510745222311027,3,16.103960846536495,0,0.6564748201438849
q0001,d0001_0008,python web scraping,2,-2.7851790500282307,0.669685165760018,0.0,0.6522207421708853,0.49336826769601994,796,0.7115056026773336,47,0.2476015609161507,3,16.103960846536495,0,0.8859223300970873
q0001,d0001_0009,python web scraping,1,-2.7851790500282307,0.669685165760018,0.0,0.7577873969607873,0.5644286357509916,344,0.687143398942047,195,0.0634402904754587,3,16.103960846536495,0,0.6517857142857143
q0001,d0001_0010,python web scraping,2,-2.7851790500282307,0.669685165760018,0.0,0.7907956613308315,0.530598260385596,100,0.698408440786296,417,0.3080556952039359,3,16.103960846536495,0,0.4667519181585678
q0001,d0001_0011,python web scraping,1,-2.7851790500282307,0.669685165760018,0.0,0.7468119217557749,0.5594943546674431,753,0.7370487240872337,454,0.2401804889322371,3,16.103960846536495,0,0.4456654456654457
q0001,d0001_0012,python web scraping,2,-2.7851790500282307,0.669685165760018,0.0,0.5572120254191416,0.5322840171640145,799,1.4004899706564342,117,0.414812221432564,3,16.103960846536495,0,0.7572614107883817
q0001,d0001_0013,python web scraping,1,-2.7851790500282307,0.669685165760018,0.0,0.7143655563776263,0.6629509615474526,752,0.260576153995794,216,0.1128171644467289,3,16.103960846536495,0,0.6282271944922547
q0001,d0001_0014,python web scraping,0,-2.7851790500282307,0.669685165760018,0.0,0.6490111784928713,0.44403472521097737,100,0.1670045414587582,14,0.0524187842812771,3,16.103960846536495,0,0.9630606860158311
q0001,d0001_0015,python web scraping,0,-2.7851790500282307,0.669685165760018,0.0,0.6662036333975903,0.4053230471414218,541,0.0105720906249443,191,0.0530064705601466,3,16.103960846536495,0,0.6564748201438849
q0001,d0001_0016,python web scraping,0,-2.7851790500282307,0.669685165760018,0.0,0.6427939355945863,0.559280697515469,464,0.0848918357261696,194,0.0,3,16.103960846536495,0,0.6529516994633273
q0001,d0001_0017,python web scraping,1,-2.7851790500282307,0.669685165760018,0.0,0.5696398003400907,0.5670471493999969,898,0.1423962901203286,164,0.268691922290273,3,16.103960846536495,0,0.6899810964083176
q0001,d0001_0018,python web scraping,1,-2.7851790500282307,0.669685165760018,0.0,0.666543153497965,0.6681385596978582,1016,0.3376350239449303,18,0.0292789394175798,3,16.103960846536495,0,0.9530026109660574
q0001,d0001_0019,python web scraping,1,-2.7851790500282307,0.669685165760018,0.0,0.7977197531959218,0.45349234221774254,303,0.5395203186781331,677,0.1661995335615814,3,16.103960846536495,0,0.3502879078694818
q0002,d0002_0000,neural network backpropagation,1,-2.7851790500282307,0.669685165760018,0.0,0.7984289484596423,0.48313080166510625,604,0.2296425020021067,12,0.1402714468466112,3,7.902605093300994,1,0.9681697612732094
q0002,d0002_0001,neural network backpropagation,1,-2.7851790500282307,0.669685165760018,0.0,0.5899947697112885,0.6415656863039676,100,0.5840105634542494,160,0.0874658048394,3,7.902605093300994,1,0.6952380952380952
q0002,d0002_0002,neural network backpropagation,2,-2.7851790500282307,0.669685165760018,0.0,0.5642889187059611,0.6523981113130344,555,0.2430862629034705,625,0.3730518199401025,3,7.902605093300994,1,0.3686868686868687
q0002,d0002_0003,neural network backpropagation,2,-2.7851790500282307,0.669685165760018,0.0,0.6577672810962929,0.4432396511124069,482,0.5574107828371552,828,0.309696802562422,3,7.902605093300994,1,0.30595138306789604
q0002,d0002_0004,neural network backpropagation,3,-2.7851790500282307,0.669685165760018,0.0,0.8013877496071289,0.6085443443082456,636,0.48671254945499,122,0.2168593915784876,3,7.902605093300994,1,0.7494866529774128
q0002,d0002_0005,neural network backpropagation,1,-2.7851790500282307,0.669685165760018,0.0,0.698836820642703,0.5512447974327787,100,1.134430646833127,86,0.1798413542833639,3,7.902605093300994,1,0.8093126385809313
q0002,d0002_0006,neural network backpropagation,2,-2.7851790500282307,0.669685165760018,0.0,0.6633473975242755,0.45783598904492634,293,0.3287210103837016,119,0.40024510029869,3,7.902605093300994,1,0.7541322314049588
q0002,d0002_0007,neural network backpropagation,0,-2.7851790500282307,0.669685165760018,0.0,0.7239012758240769,0.6263998674145945,391,0.4960005228931471,274,0.0452333950643138,3,7.902605093300994,1,0.5712050078247262
q0002,d0002_0008,neural network backpropagation,0,-2.7851790500282307,0.669685165760018,0.0,0.7298922643014784,0.5726863304332392,252,0.3989447065267636,284,0.0,3,7.902605093300994,1,0.5624036979969184
q0002,d0002_0009,neural network backpropagation,1,-2.7851790500282307,0.669685165760018,0.0,0.5386246900062095,0.47406077696298443,588,0.6331134006661878,572,0.1026250114998756,3,7.902605093300994,1,0.3895410885805763
q0002,d0002_0010,neural network backpropagation,2,-2.7851790500282307,0.669685165760018,0.0,0.7611060638193724,0.48031342617666944,270,0.6990859618032618,114,0.250701835924465,3,7.902605093300994,1,0.7620041753653445
q0002,d0002_0011,neural network backpropagation,2,-2.7851790500282307,0.669685165760018,0.0,0.754926039040563,0.41073210985165115,556,0.9424774192596234,135,0.3914616651726098,3,7.902605093300994,1,0.7300000000000001
q0002,d0002_0012,neural network backpropagation,2,-2.7851790500282307,0.669685165760018,0.0,0.7080660358083055,0.4084892866165823,1099,0.5512627458100702,172,0.2902115034976597,3,7.902605093300994,1,0.6797020484171322
q0002,d0002_0013,neural network backpropagation,2,-2.7851790500282307,0.669685165760018,0.0,0.5676133513775955,0.5253414367776885,343,1.579975209659012,808,0.0891704607024538,3,7.902605093300994,1,0.3111679454390452
q0002,d0002_0014,neural network backpropagation,1,-2.7851790500282307,0.669685165760018,0.0,0.5519737470633987,0.6057741399085367,634,0.9824180757448924,29,0.0299025281658934,3,7.902605093300994,1,0.9263959390862944
q0002,d0002_0015,neural network backpropagation,1,-2.7851790500282307,0.669685165760018,0.0,0.65093037136571,0.6136209176109023,315,0.215577258780872,224,0.1365441007304268,3,7.902605093300994,1,0.6196943972835314
q0002,d0002_0016,neural network backpropagation,1,-2.7851790500282307,0.669685165760018,0.0,0.6659258008671318,0.46603759225753677,100,0.3101535360090661,609,0.0928064067884001,3,7.902605093300994,1,0.3747433264887064
q0002,d0002_0017,neural network backpropagation,0,-2.7851790500282307,0.669685165760018,0.0,0.6083476755855743,0.4757046451047685,100,0.7533415720140613,186,0.0,3,7.902605093300994,1,0.662431941923775
q0002,d0002_0018,neural network backpropagation,1,-2.7851790500282307,0.669685165760018,0.0,0.6387497552534176,0.42803545740691834,447,0.312696782408344,71,0.1920592500136125,3,7.902605093300994,1,0.8371559633027523
q0002,d0002_0019,neural network backpropagation,0,-2.7851790500282307,0.669685165760018,0.0,0.6096338914355668,0.6491163661493974,229,0.5810397669325869,232,0.0,3,7.902605093300994,1,0.6113902847571189
q0003,d0003_0000,docker containerisation guide,3,-2.7851790500282307,0.669685165760018,0.0,0.6763376630236264,0.407528436601508,604,0.8470659809550045,20,0.4420188598724938,3,11.50685461033354,1,0.948051948051948
q0003,d0003_0001,docker containerisation guide,3,-2.7851790500282307,0.669685165760018,0.0,0.5395161929504736,0.6482990700353236,356,0.6181531958868739,23,0.3541159506850699,3,11.50685461033354,1,0.9407216494845361
q0003,d0003_0002,docker containerisation guide,3,-2.7851790500282307,0.669685165760018,0.0,0.614337897741063,0.5171528697279518,100,0.3272502686195992,68,0.3798895345481169,3,11.50685461033354,1,0.8429561200923786
q0003,d0003_0003,docker containerisation guide,1,-2.7851790500282307,0.669685165760018,0.0,0.5725312552960313,0.6085235014643067,667,0.3865337396938457,39,0.1319686541538036,3,11.50685461033354,1,0.9034653465346536
q0003,d0003_0004,docker containerisation guide,1,-2.7851790500282307,0.669685165760018,0.0,0.6418219783810575,0.5419362993750029,394,0.4129579423843743,117,0.2461352190682636,3,11.50685461033354,1,0.7572614107883817
q0003,d0003_0005,docker containerisation guide,1,-2.7851790500282307,0.669685165760018,0.0,0.5785446866891489,0.49764095037023687,164,0.4455632677322013,28,0.1882072152197459,3,11.50685461033354,1,0.9287531806615776
q0003,d0003_0006,docker containerisation guide,1,-2.7851790500282307,0.669685165760018,0.0,0.6119844157279758,0.5998849072682857,800,1.054041811613929,503,0.0,3,11.50685461033354,1,0.4205069124423963
q0003,d0003_0007,docker containerisation guide,1,-2.7851790500282307,0.669685165760018,0.0,0.7632827195113321,0.5490520266387134,410,1.1361031939505375,151,0.3118501735405464,3,11.50685461033354,1,0.7073643410852714
q0003,d0003_0008,docker containerisation guide,1,-2.7851790500282307,0.669685165760018,0.0,0.6879718640668019,0.660460246570561,722,0.2102783229373683,2,0.0,3,11.50685461033354,1,0.9945504087193461
q0003,d0003_0009,docker containerisation guide,0,-2.7851790500282307,0.669685165760018,0.0,0.6229746408143668,0.5838663112902294,905,0.02245787899237,52,0.0,3,11.50685461033354,1,0.8752997601918464
q0003,d0003_0010,docker containerisation guide,0,-2.7851790500282307,0.669685165760018,0.0,0.6668280724505005,0.5704283741135412,503,1.344779157053119,307,0.0,3,11.50685461033354,1,0.5431547619047619
q0003,d0003_0011,docker containerisation guide,1,-2.7851790500282307,0.669685165760018,0.0,0.7231558131182705,0.4283988923035714,463,0.6397688907601266,13,0.2359170176218572,3,11.50685461033354,1,0.9656084656084657
q0003,d0003_0012,docker containerisation guide,1,-2.7851790500282307,0.669685165760018,0.0,0.6369125161989866,0.5450686121793336,460,0.8149549427611065,320,0.1550564528143858,3,11.50685461033354,1,0.5328467153284672
q0003,d0003_0013,docker containerisation guide,0,-2.7851790500282307,0.669685165760018,0.0,0.7533743818930747,0.4483033709116867,573,0.0813260097211591,288,0.0,3,11.50685461033354,1,0.55895865237366
q0003,d0003_0014,docker containerisation guide,1,-2.7851790500282307,0.669685165760018,0.0,0.5526333901084315,0.47220879082270684,509,0.6621162556491388,436,0.0,3,11.50685461033354,1,0.4556803995006242
q0003,d0003_0015,docker containerisation guide,1,-2.7851790500282307,0.669685165760018,0.0,0.7356147462139832,0.4723819610571243,928,0.2748350483195294,11,0.3238393547397803,3,11.50685461033354,1,0.9707446808510638
q0003,d0003_0016,docker containerisation guide,1,-2.7851790500282307,0.669685165760018,0.0,0.5668569514793015,0.456805759973555,287,0.4147472844036111,698,0.0843583150432124,3,11.50685461033354,1,0.3433678269049859
q0003,d0003_0017,docker containerisation guide,0,-2.7851790500282307,0.669685165760018,0.0,0.5423714061484647,0.5343011493652996,699,0.2707385996013143,48,0.0,3,11.50685461033354,1,0.8837772397094432
q0003,d0003_0018,docker containerisation guide,0,-2.7851790500282307,0.669685165760018,0.0,0.7009207115583598,0.5181038087804485,583,0.1683684892001543,337,0.0063002368334699,3,11.50685461033354,1,0.51994301994302
q0003,d0003_0019,docker containerisation guide,0,-2.7851790500282307,0.669685165760018,0.0,0.7463846990397002,0.46499705909673067,784,0.6972173569800535,158,0.0,3,11.50685461033354,1,0.6978967495219885
q0004,d0004_0000,sql window functions explained,2,-3.713572066704308,0.7212518345838677,0.0,0.5829743003049943,0.466776537383403,406,0.3311265505747593,77,0.1804348707191123,4,7.755870718556103,0,0.82579185520362
q0004,d0004_0001,sql window functions explained,1,-3.713572066704308,0.7212518345838677,0.0,0.8639593822968423,0.5981406949362725,1118,1.1334469032639092,29,0.1403252914328158,4,7.755870718556103,0,0.9263959390862944
q0004,d0004_0002,sql window functions explained,3,-3.713572066704308,0.7212518345838677,0.0,0.8569159467302558,0.5599765856267587,930,0.6234400297762985,148,0.2119201572025942,4,7.755870718556103,0,0.7115009746588693
q0004,d0004_0003,sql window functions explained,1,-3.713572066704308,0.7212518345838677,0.0,0.7742309963506285,0.6466321128310312,624,0.5622203462435209,78,0.1339350013769404,4,7.755870718556103,0,0.8239277652370203
q0004,d0004_0004,sql window functions explained,3,-3.713572066704308,0.7212518345838677,0.0,0.7114330641360065,0.4353735185354447,782,0.4665610646925557,501,0.4886393959567953,4,7.755870718556103,0,0.4214780600461893
q0004,d0004_0005,sql window functions explained,2,-3.713572066704308,0.7212518345838677,0.0,0.7795718631758789,0.6573215013492192,100,0.8058160356553393,101,0.3144196003933462,4,7.755870718556103,0,0.7832618025751074
q0004,d0004_0006,sql window functions explained,1,-3.713572066704308,0.7212518345838677,0.0,0.6329818850042639,0.6912447105634909,985,0.871520709640137,219,0.1223605881639043,4,7.755870718556103,0,0.625
q0004,d0004_0007,sql window functions explained,1,-3.713572066704308,0.7212518345838677,0.0,0.8246756467383337,0.6686559579955257,468,0.3202573251213839,577,0.0333621104663951,4,7.755870718556103,0,0.3874734607218684
q0004,d0004_0008,sql window functions explained,2,-3.713572066704308,0.7212518345838677,0.0,0.6528885650501017,0.43514104539893117,568,0.3456355973768856,458,0.3298648150428062,4,7.755870718556103,0,0.44349939246658565
q0004,d0004_0009,sql window functions explained,2,-3.713572066704308,0.7212518345838677,0.0,0.654017170413833,0.622472215340559,894,0.6287975930174451,307,0.343348953845091,4,7.755870718556103,0,0.5431547619047619
q0004,d0004_0010,sql window functions explained,2,-3.713572066704308,0.7212518345838677,0.0,0.6717770009897746,0.45221834613022394,500,0.5988658057843903,159,0.2291825203769057,4,7.755870718556103,0,0.6965648854961832
q0004,d0004_0011,sql window functions explained,1,-3.713572066704308,0.7212518345838677,0.0,0.6949910864957297,0.5571557923258901,193,0.1240415689716492,126,0.099650136569274,4,7.755870718556103,0,0.7433808553971486
q0004,d0004_0012,sql window functions explained,1,-3.713572066704308,0.7212518345838677,0.0,0.7253697121945943,0.5894790418037008,100,0.226615489052161,284,0.2378865608123013,4,7.755870718556103,0,0.5624036979969184
q0004,d0004_0013,sql window functions explained,1,-3.713572066704308,0.7212518345838677,0.0,0.8354063403799976,0.6621600610102697,332,1.5670534178597209,167,0.0378541516202511,4,7.755870718556103,0,0.6860902255639098
q0004,d0004_0014,sql window functions explained,1,-3.713572066704308,0.7212518345838677,0.0,0.6220719198779507,0.6112589016971673,213,0.5698329143793712,341,0.1129264748894484,4,7.755870718556103,0,0.5169971671388102
q0004,d0004_0015,sql window functions explained,1,-3.713572066704308,0.7212518345838677,0.0,0.7160646500820758,0.6113575024956382,633,0.2244616788827922,51,0.087686218910861,4,7.755870718556103,0,0.8774038461538461
q0004,d0004_0016,sql window functions explained,0,-3.713572066704308,0.7212518345838677,0.0,0.8165248459304312,0.6283389842234037,440,0.2330402577036091,120,0.0,4,7.755870718556103,0,0.7525773195876289
q0004,d0004_0017,sql window functions explained,0,-3.713572066704308,0.7212518345838677,0.0,0.7040430446040621,0.7090444891574887,454,0.7217512764348525,145,0.0110395725612218,4,7.755870718556103,0,0.7156862745098039
q0004,d0004_0018,sql window functions explained,0,-3.713572066704308,0.7212518345838677,0.0,0.8071602686483671,0.5073386357500406,738,0.3204584348136372,376,0.1579185502981632,4,7.755870718556103,0,0.49257759784075567
q0004,d0004_0019,sql window functions explained,1,-3.713572066704308,0.7212518345838677,0.0,0.7694599485123677,0.6332297352153404,170,0.3104173877156884,261,0.0538733878208278,4,7.755870718556103,0,0.5830670926517573
q0005,d0005_0000,git branching strategies,3,-2.7851790500282307,0.669685165760018,0.0,0.6928342076257221,0.5650476078772125,391,0.5849267576567521,33,0.4450317278043813,3,13.333319960797605,0,0.9170854271356784
q0005,d0005_0001,git branching strategies,0,-2.7851790500282307,0.669685165760018,0.0,0.756603489412941,0.4764909354373141,426,2.5316777770065912,241,0.0,3,13.333319960797605,0,0.6023102310231023
q0005,d0005_0002,git branching strategies,3,-2.7851790500282307,0.669685165760018,0.0,0.6823513143689742,0.49206868468097803,501,1.1030437418191867,452,0.1998454255561321,3,13.333319960797605,0,0.44675642594859244
q0005,d0005_0003,git branching strategies,1,-2.7851790500282307,0.669685165760018,0.0,0.6451050006261801,0.6281737546467927,555,0.6074195209095283,118,0.2031150172333338,3,13.333319960797605,0,0.7556935817805382
q0005,d0005_0004,git branching strategies,2,-2.7851790500282307,0.669685165760018,0.0,0.7818279360273986,0.5099624408664709,423,1.0929475776020945,174,0.1805824988143096,3,13.333319960797605,0,0.6771799628942486
q0005,d0005_0005,git branching strategies,3,-2.7851790500282307,0.669685165760018,0.0,0.756329121884593,0.6377807137534752,200,0.5777599867778083,434,0.3238025541689742,3,13.333319960797605,0,0.4568210262828536
q0005,d0005_0006,git branching strategies,1,-2.7851790500282307,0.669685165760018,0.0,0.5842448362601754,0.5318627634428121,496,0.3659780290788125,154,0.1698697075397101,3,13.333319960797605,0,0.7032755298651252
q0005,d0005_0007,git branching strategies,1,-2.7851790500282307,0.669685165760018,0.0,0.5876733677388123,0.47258666526749366,1088,0.2548439877304632,345,0.2818252120067184,3,13.333319960797605,0,0.5140845070422535
q0005,d0005_0008,git branching strategies,0,-2.7851790500282307,0.669685165760018,0.0,0.6294332610734663,0.4702216812605274,286,0.0235815902841755,90,0.0297511071185554,3,13.333319960797605,0,0.8021978021978021
q0005,d0005_0009,git branching strategies,1,-2.7851790500282307,0.669685165760018,0.0,0.7595234672419641,0.6402645224719417,100,0.1433362469176811,322,0.1288897165628978,3,13.333319960797605,0,0.5312954876273653
q0005,d0005_0010,git branching strategies,2,-2.7851790500282307,0.669685165760018,0.0,0.5452533560964704,0.5779918100533237,667,0.6259747798721826,150,0.1543898234395671,3,13.333319960797605,0,0.7087378640776699
q0005,d0005_0011,git branching strategies,1,-2.7851790500282307,0.669685165760018,0.0,0.7544985039118934,0.6682266522369783,671,0.2712435482266069,40,0.2610314165531376,3,13.333319960797605,0,0.9012345679012346
q0005,d0005_0012,git branching strategies,1,-2.7851790500282307,0.669685165760018,0.0,0.6545725019826243,0.6115279016036064,448,0.2493366729056947,280,0.2850125990472582,3,13.333319960797605,0,0.5658914728682171
q0005,d0005_0013,git branching strategies,1,-2.7851790500282307,0.669685165760018,0.0,0.7149247026283269,0.5101653421919623,355,0.755204481520115,77,0.2129111343077566,3,13.333319960797605,0,0.82579185520362
q0005,d0005_0014,git branching strategies,1,-2.7851790500282307,0.669685165760018,0.0,0.7231815686282326,0.6086249818491389,961,1.0768075316381411,128,0.1706385651767511,3,13.333319960797605,0,0.7403651115618662
q0005,d0005_0015,git branching strategies,0,-2.7851790500282307,0.669685165760018,0.0,0.657057981929089,0.5530864788951174,100,0.2144783162422462,267,0.0060468448117368,3,13.333319960797605,0,0.5775316455696202
q0005,d0005_0016,git branching strategies,1,-2.7851790500282307,0.669685165760018,0.0,0.7521503962320351,0.5554747893813352,381,0.4963604049138613,106,0.2178816441815187,3,13.333319960797605,0,0.7749469214437368
q0005,d0005_0017,git branching strategies,1,-2.7851790500282307,0.669685165760018,0.0,0.6951897537665532,0.6617522537467735,726,0.7003127953549222,109,0.0,3,13.333319960797605,0,0.770042194092827
q0005,d0005_0018,git branching strategies,0,-2.7851790500282307,0.669685165760018,0.0,0.7661963601777428,0.57497526642794,439,0.1390708821860966,234,0.1190413563293744,3,13.333319960797605,0,0.6093489148580968
q0005,d0005_0019,git branching strategies,0,-2.7851790500282307,0.669685165760018,0.0,0.654038431822977,0.524574840329066,100,0.2738761609209971,113,0.0,3,13.333319960797605,0,0.7635983263598327
q0006,d0006_0000,rest api design best practices,2,-4.641965083380385,0.7585651829612976,0.0,0.7763525762071755,0.6667645736160915,260,0.4162549570495302,2,0.2139951274720458,5,6.936202986099429,1,0.9945504087193461
q0006,d0006_0001,rest api design best practices,3,-4.641965083380385,0.7585651829612976,0.0,0.6972658317115614,0.5289621029273244,668,2.36805300670859,63,0.4721865147777233,5,6.936202986099429,1,0.8528037383177569
q0006,d0006_0002,rest api design best practices,3,-4.641965083380385,0.7585651829612976,0.0,0.7828358326064282,0.6753207119277571,774,1.5519979755019615,27,0.3620313474857439,5,6.936202986099429,1,0.9311224489795918
q0006,d0006_0003,rest api design best practices,2,-4.641965083380385,0.7585651829612976,0.0,0.7343741148818476,0.5120180979627611,621,1.4483165282121833,113,0.3031201155699929,5,6.936202986099429,1,0.7635983263598327
q0006,d0006_0004,rest api design best practices,2,-4.641965083380385,0.7585651829612976,0.0,0.8863821852909523,0.4681491828755819,450,0.4820617944494673,213,0.3915424439077173,5,6.936202986099429,1,0.6314878892733564
q0006,d0006_0005,rest api design best practices,1,-4.641965083380385,0.7585651829612976,0.0,0.8741128262392084,0.6366906031916575,100,1.768873701270835,74,0.1150833490683071,5,6.936202986099429,1,0.8314350797266514
q0006,d0006_0006,rest api design best practices,3,-4.641965083380385,0.7585651829612976,0.0,0.6542770982004449,0.4948634447966661,708,0.752869508926155,56,0.3991205310514428,5,6.936202986099429,1,0.8669833729216152
q0006,d0006_0007,rest api design best practices,1,-4.641965083380385,0.7585651829612976,0.0,0.6277652185270466,0.7243004596931929,1168,0.5330193321256176,81,0.136135552035921,5,6.936202986099429,1,0.8183856502242152
q0006,d0006_0008,rest api design best practices,2,-4.641965083380385,0.7585651829612976,0.0,0.7335744069722027,0.6669422473651849,776,0.5582990848972961,17,0.2395738536508858,5,6.936202986099429,1,0.955497382198953
q0006,d0006_0009,rest api design best practices,0,-4.641965083380385,0.7585651829612976,0.0,0.6896267060298152,0.6007390725657492,125,0.4362488790275536,128,0.0360591677656841,5,6.936202986099429,1,0.7403651115618662
q0006,d0006_0010,rest api design best practices,1,-4.641965083380385,0.7585651829612976,0.0,0.7419640207448325,0.6988690813345315,322,0.1646407456305036,27,0.1228109199082462,5,6.936202986099429,1,0.9311224489795918
q0006,d0006_0011,rest api design best practices,1,-4.641965083380385,0.7585651829612976,0.0,0.7218675201578825,0.6226890338840616,788,0.7598896017232222,99,0.1793039288348321,5,6.936202986099429,1,0.7866379310344827
q0006,d0006_0012,rest api design best practices,1,-4.641965083380385,0.7585651829612976,0.0,0.7922081653157375,0.5534786902079019,837,0.5235384114623163,386,0.1142572872998784,5,6.936202986099429,1,0.4860186418109187
q0006,d0006_0013,rest api design best practices,0,-4.641965083380385,0.7585651829612976,0.0,0.6159313349876909,0.6008672444172048,534,1.02253879827676,252,0.0,5,6.936202986099429,1,0.5915721231766613
q0006,d0006_0014,rest api design best practices,1,-4.641965083380385,0.7585651829612976,0.0,0.8024202975134165,0.6223150992350075,178,0.2290658571747357,398,0.1656130797426581,5,6.936202986099429,1,0.47837483617300136
q0006,d0006_0015,rest api design best practices,1,-4.641965083380385,0.7585651829612976,0.0,0.6395307791839445,0.5609903424074462,436,0.214349738067916,123,0.1290199743692426,5,6.936202986099429,1,0.7479508196721311
q0006,d0006_0016,rest api design best practices,0,-4.641965083380385,0.7585651829612976,0.0,0.8610967112812349,0.4961940518079382,563,0.3664798480927368,181,0.0,5,6.936202986099429,1,0.6684981684981685
q0006,d0006_0017,rest api design best practices,1,-4.641965083380385,0.7585651829612976,0.0,0.7262236881816851,0.7114859817879164,859,0.1182276529552706,618,0.1950614913825591,5,6.936202986099429,1,0.3713123092573754
q0006,d0006_0018,rest api design best practices,0,-4.641965083380385,0.7585651829612976,0.0,0.6134603307521214,0.565967932841575,100,0.7102849245017767,195,0.0236955388719246,5,6.936202986099429,1,0.6517857142857143
q0006,d0006_0019,rest api design best practices,0,-4.641965083380385,0.7585651829612976,0.0,0.7192811940830034,0.5378481473654999,100,0.042800420773037,735,0.0,5,6.936202986099429,1,0.3318181818181818
q0007,d0007_0000,linux file permissions,0,-2.7851790500282307,0.669685165760018,0.0,0.7085922534414321,0.41419628442359796,155,0.2614689496493473,51,0.0,3,21.682417840042163,0,0.8774038461538461
q0007,d0007_0001,linux file permissions,1,-2.7851790500282307,0.669685165760018,0.0,0.6913373693510632,0.5433528627815845,100,0.2623951580115756,1,0.2362114253078842,3,21.682417840042163,0,0.9972677595628414
q0007,d0007_0002,linux file permissions,3,-2.7851790500282307,0.669685165760018,0.0,0.5385119624650686,0.5763575084224254,100,0.7839485788961795,73,0.3015005072275558,3,21.682417840042163,0,0.8333333333333334
q0007,d0007_0003,linux file permissions,1,-2.7851790500282307,0.669685165760018,0.0,0.5382599927196566,0.6648553545979895,596,0.6179734470462354,355,0.2466023153852922,3,21.682417840042163,0,0.5069444444444444
q0007,d0007_0004,linux file permissions,1,-2.7851790500282307,0.669685165760018,0.0,0.6721131125720755,0.4794801078521985,384,0.5503949817428002,227,0.1290754712288889,3,21.682417840042163,0,0.6165540540540541
q0007,d0007_0005,linux file permissions,1,-2.7851790500282307,0.669685165760018,0.0,0.6474826364533716,0.4299983256871947,673,0.6338858882135773,89,0.2508839909842113,3,21.682417840042163,0,0.8039647577092511
q0007,d0007_0006,linux file permissions,3,-2.7851790500282307,0.669685165760018,0.0,0.6339231108369403,0.618178204690138,250,1.5250968500169035,15,0.428306858800999,3,21.682417840042163,0,0.9605263157894738
q0007,d0007_0007,linux file permissions,3,-2.7851790500282307,0.669685165760018,0.0,0.5514762464801399,0.5219480684257947,100,0.3572300797668521,71,0.4053457912617474,3,21.682417840042163,0,0.8371559633027523
q0007,d0007_0008,linux file permissions,1,-2.7851790500282307,0.669685165760018,0.0,0.5965524314097314,0.5486184445439647,384,0.2887860002622275,35,0.1721807534184874,3,21.682417840042163,0,0.9125000000000001
q0007,d0007_0009,linux file permissions,2,-2.7851790500282307,0.669685165760018,0.0,0.7754596849682771,0.6048932084965317,857,0.3794322952145588,11,0.2668666023081754,3,21.682417840042163,0,0.9707446808510638
q0007,d0007_0010,linux file permissions,1,-2.7851790500282307,0.669685165760018,0.0,0.7061455484054274,0.6257687649381206,100,0.1826209345714526,391,0.0607318235632356,3,21.682417840042163,0,0.48280423280423285
q0007,d0007_0011,linux file permissions,0,-2.7851790500282307,0.669685165760018,0.0,0.6796297114721039,0.4140111480463738,338,0.0156627552472633,299,0.0873056600092743,3,21.682417840042163,0,0.5496987951807228
q0007,d0007_0012,linux file permissions,0,-2.7851790500282307,0.669685165760018,0.0,0.764499988977815,0.46321877874217426,360,0.1537364319494328,72,0.0203633178709801,3,21.682417840042163,0,0.8352402745995423
q0007,d0007_0013,linux file permissions,2,-2.7851790500282307,0.669685165760018,0.0,0.5672528088560459,0.4941432476030201,577,0.2418703189727972,138,0.2085706478135183,3,21.682417840042163,0,0.7256461232604374
q0007,d0007_0014,linux file permissions,1,-2.7851790500282307,0.669685165760018,0.0,0.7998739971282807,0.4969131046372009,681,0.3633195581928166,33,0.0,3,21.682417840042163,0,0.9170854271356784
q0007,d0007_0015,linux file permissions,1,-2.7851790500282307,0.669685165760018,0.0,0.5591825178916954,0.6537470490413043,511,0.4427976221357151,269,0.1118958223628219,3,21.682417840042163,0,0.5757097791798107
q0007,d0007_0016,linux file permissions,1,-2.7851790500282307,0.669685165760018,0.0,0.5594469285117208,0.41190344981510785,383,0.4757967975136417,163,0.0021530167556121,3,21.682417840042163,0,0.6912878787878788
q0007,d0007_0017,linux file permissions,1,-2.7851790500282307,0.669685165760018,0.0,0.6843205299335362,0.4584574330895208,314,0.8285170539447486,251,0.2432524888881146,3,21.682417840042163,0,0.5925324675324676
q0007,d0007_0018,linux file permissions,0,-2.7851790500282307,0.669685165760018,0.0,0.6454415916087761,0.5229031564786739,310,0.1789892589852951,220,0.0,3,21.682417840042163,0,0.6239316239316239
q0007,d0007_0019,linux file permissions,0,-2.7851790500282307,0.669685165760018,0.0,0.565411454793262,0.580122212947908,1011,0.8972755194771678,180,0.0,3,21.682417840042163,0,0.6697247706422018
q0008,d0008_0000,kubernetes pod scheduling,3,-2.7851790500282307,0.669685165760018,0.0,0.5826706286219818,0.4656933877070592,832,0.8915255736935039,35,0.501551521648293,3,15.57315076216582,0,0.9125000000000001
q0008,d0008_0001,kubernetes pod scheduling,0,-2.7851790500282307,0.669685165760018,0.0,0.7468179789301087,0.6272227603396786,455,0.6464864494142691,76,0.0,3,15.57315076216582,0,0.8276643990929705
q0008,d0008_0002,kubernetes pod scheduling,1,-2.7851790500282307,0.669685165760018,0.0,0.7028268814905737,0.5020535379043083,511,0.2157813406279872,160,0.1326216478204817,3,15.57315076216582,0,0.6952380952380952
q0008,d0008_0003,kubernetes pod scheduling,1,-2.7851790500282307,0.669685165760018,0.0,0.6069246074776505,0.5743424787759435,730,0.4317879931562577,220,0.0453690905965826,3,15.57315076216582,0,0.6239316239316239
q0008,d0008_0004,kubernetes pod scheduling,1,-2.7851790500282307,0.669685165760018,0.0,0.6326951815050398,0.6638602276888087,164,0.8857241273146453,117,0.1421296229664335,3,15.57315076216582,0,0.7572614107883817
q0008,d0008_0005,kubernetes pod scheduling,2,-2.7851790500282307,0.669685165760018,0.0,0.6254578420775924,0.4294607952713335,100,0.4000170533954216,73,0.2699361891919937,3,15.57315076216582,0,0.8333333333333334
q0008,d0008_0006,kubernetes pod scheduling,1,-2.7851790500282307,0.669685165760018,0.0,0.7179078765870557,0.4205671483322189,642,0.7465440815612847,5,0.2377076731053827,3,15.57315076216582,0,0.9864864864864864
q0008,d0008_0007,kubernetes pod scheduling,1,-2.7851790500282307,0.669685165760018,0.0,0.7112116298258633,0.6014970647138943,547,0.2899712305031398,103,0.0962555163871271,3,15.57315076216582,0,0.7799145299145299
q0008,d0008_0008,kubernetes pod scheduling,0,-2.7851790500282307,0.669685165760018,0.0,0.7722823848920009,0.5646410489514012,718,0.4823835268851731,81,0.0,3,15.57315076216582,0,0.8183856502242152
q0008,d0008_0009,kubernetes pod scheduling,0,-2.7851790500282307,0.669685165760018,0.0,0.8034246018255864,0.5512929852253753,559,3.1193327316453394,392,0.1024512675426689,3,15.57315076216582,0,0.4821664464993395
q0008,d0008_0010,kubernetes pod scheduling,1,-2.7851790500282307,0.669685165760018,0.0,0.6101561719946639,0.5642941839349741,365,0.7283286802312471,427,0.2404637872262949,3,15.57315076216582,0,0.46085858585858586
q0008,d0008_0011,kubernetes pod scheduling,1,-2.7851790500282307,0.669685165760018,0.0,0.7142432076231985,0.6634989952656687,630,1.979982945606884,324,0.1885192104864625,3,15.57315076216582,0,0.5297532656023223
q0008,d0008_0012,kubernetes pod scheduling,2,-2.7851790500282307,0.669685165760018,0.0,0.7783371121646263,0.4808766259343938,171,0.8564074302972259,442,0.3795657767628684,3,15.57315076216582,0,0.45229244114002487
q0008,d0008_0013,kubernetes pod scheduling,1,-2.7851790500282307,0.669685165760018,0.0,0.6223441367084881,0.4588617405450716,378,0.8017222884407329,54,0.0,3,15.57315076216582,0,0.8711217183770883
q0008,d0008_0014,kubernetes pod scheduling,1,-2.7851790500282307,0.669685165760018,0.0,0.5913561123227989,0.4720706489864623,131,0.5477946923020655,148,0.0,3,15.57315076216582,0,0.7115009746588693
q0008,d0008_0015,kubernetes pod scheduling,1,-2.7851790500282307,0.669685165760018,0.0,0.7818539942989448,0.5515955823481075,303,0.3803632766572833,391,0.2241396176851318,3,15.57315076216582,0,0.48280423280423285
q0008,d0008_0016,kubernetes pod scheduling,1,-2.7851790500282307,0.669685165760018,0.0,0.719110284918509,0.6505951457699497,279,0.1072914093584484,56,0.1244719388080166,3,15.57315076216582,0,0.8669833729216152
q0008,d0008_0017,kubernetes pod scheduling,0,-2.7851790500282307,0.669685165760018,0.0,0.6428078296530111,0.5011272419253883,730,0.1382725604042694,5,0.1575082827608731,3,15.57315076216582,0,0.9864864864864864
q0008,d0008_0018,kubernetes pod scheduling,0,-2.7851790500282307,0.669685165760018,0.0,0.5569581178835453,0.4055453601478411,559,0.3804469858960455,214,0.0,3,15.57315076216582,0,0.6303972366148531
q0008,d0008_0019,kubernetes pod scheduling,1,-2.7851790500282307,0.669685165760018,0.0,0.7358232557512403,0.4380644006140564,472,0.4301366172920635,109,0.0667455622212896,3,15.57315076216582,0,0.770042194092827
q0009,d0009_0000,data engineering pipeline,2,-2.7851790500282307,0.669685165760018,0.0,0.5641405997409873,0.586063789252097,1033,0.6086177469578896,55,0.2825964450496307,3,15.939755751564364,0,0.8690476190476191
q0009,d0009_0001,data engineering pipeline,2,-2.7851790500282307,0.669685165760018,0.0,0.7345768172834112,0.6629350238852956,479,0.829874342047592,233,0.3231820045476436,3,15.939755751564364,0,0.6103678929765886
q0009,d0009_0002,data engineering pipeline,3,-2.7851790500282307,0.669685165760018,0.0,0.5525960338130331,0.5418252841899459,534,0.5923204855736904,92,0.4996554884498404,3,15.939755751564364,0,0.798687089715536
q0009,d0009_0003,data engineering pipeline,2,-2.7851790500282307,0.669685165760018,0.0,0.6051863218818233,0.6091431159845068,201,1.02113922155796,41,0.2768923326314082,3,15.939755751564364,0,0.8990147783251231
q0009,d0009_0004,data engineering pipeline,1,-2.7851790500282307,0.669685165760018,0.0,0.6075173621531048,0.48809556877311844,352,1.7627745843102085,91,0.0240438092234583,3,15.939755751564364,0,0.8004385964912281
q0009,d0009_0005,data engineering pipeline,3,-2.7851790500282307,0.669685165760018,0.0,0.6845248888259035,0.4244915673802858,490,0.4347568021694208,42,0.3657847109267953,3,15.939755751564364,0,0.8968058968058968
q0009,d0009_0006,data engineering pipeline,0,-2.7851790500282307,0.669685165760018,0.0,0.5667701571073244,0.607556073795609,100,0.238404240787637,17,0.0387058729395743,3,15.939755751564364,0,0.955497382198953
q0009,d0009_0007,data engineering pipeline,1,-2.7851790500282307,0.669685165760018,0.0,0.7086983997413862,0.5671387724184606,640,1.2987327289900084,290,0.1465207146454485,3,15.939755751564364,0,0.5572519083969465
q0009,d0009_0008,data engineering pipeline,1,-2.7851790500282307,0.669685165760018,0.0,0.5600099927022002,0.6670555487130647,576,0.1750139865814368,121,0.2105207625703161,3,15.939755751564364,0,0.7510288065843621
q0009,d0009_0009,data engineering pipeline,2,-2.7851790500282307,0.669685165760018,0.0,0.793189815850503,0.4273849851578247,648,0.2866441987287221,21,0.3156050605605076,3,15.939755751564364,0,0.9455958549222797
q0009,d0009_0010,data engineering pipeline,1,-2.7851790500282307,0.669685165760018,0.0,0.7256885868728628,0.6410347328229927,257,0.2332382275078864,230,0.1526514913146531,3,15.939755751564364,0,0.6134453781512605
q0009,d0009_0011,data engineering pipeline,1,-2.7851790500282307,0.669685165760018,0.0,0.5847351402894769,0.611503571942586,597,1.7656313177647975,74,0.1582267243729991,3,15.939755751564364,0,0.8314350797266514
q0009,d0009_0012,data engineering pipeline,1,-2.7851790500282307,0.669685165760018,0.0,0.6689477923005014,0.5522253753041397,284,0.227537835368237,269,0.2269902689190121,3,15.939755751564364,0,0.5757097791798107
q0009,d0009_0013,data engineering pipeline,0,-2.7851790500282307,0.669685165760018,0.0,0.7528375371113141,0.4529857090316354,680,0.4381280873613603,265,0.0677484842091393,3,15.939755751564364,0,0.5793650793650793
q0009,d0009_0014,data engineering pipeline,0,-2.7851790500282307,0.669685165760018,0.0,0.7316363304713159,0.411809762527711,1343,0.6021958053257678,136,0.0,3,15.939755751564364,0,0.7285429141716566
q0009,d0009_0015,data engineering pipeline,0,-2.7851790500282307,0.669685165760018,0.0,0.558029190450312,0.6270585719591004,652,0.0091111990231987,103,0.2121143402633667,3,15.939755751564364,0,0.7799145299145299
q0009,d0009_0016,data engineering pipeline,0,-2.7851790500282307,0.669685165760018,0.0,0.6439796595060212,0.5987568926314942,1103,0.1227135571644025,116,0.0,3,15.939755751564364,0,0.7588357588357588
q0009,d0009_0017,data engineering pipeline,0,-2.7851790500282307,0.669685165760018,0.0,0.5997529688414875,0.5968254248658257,255,1.3832126226831027,597,0.0090800023610047,3,15.939755751564364,0,0.3794178794178794
q0009,d0009_0018,data engineering pipeline,1,-2.7851790500282307,0.669685165760018,0.0,0.7617516721080895,0.4885331342829563,737,0.9745381504623144,43,0.3111654240053155,3,15.939755751564364,0,0.8946078431372548
q0009,d0009_0019,data engineering pipeline,0,-2.7851790500282307,0.669685165760018,0.0,0.6156711986467887,0.5863431356563238,269,0.2016279292666751,374,0.0,3,15.939755751564364,0,0.4939106901217862
